,Start,End
0,2022-07-25 18:54:20.217058,2022-07-25 18:54:20.248606
1,2022-07-25 18:54:20.312647,2022-07-25 18:54:20.421694
2,2022-07-25 18:54:20.949982,2022-07-25 18:54:21.045777
3,2022-07-25 18:54:21.128775,2022-07-25 18:54:21.254858
4,2022-07-25 18:54:22.661939,2022-07-25 18:54:22.902145
5,2022-07-25 18:54:22.938941,2022-07-25 18:54:24.297827
6,2022-07-25 18:54:24.630239,2022-07-25 18:54:24.712037
7,2022-07-25 18:54:24.742098,2022-07-25 18:54:24.775177
8,2022-07-25 18:54:25.576561,2022-07-25 18:54:27.685706
9,2022-07-25 18:54:27.930561,2022-07-25 18:54:28.885808
10,2022-07-25 18:54:29.594663,2022-07-25 18:54:29.923860
